timestamp,vibration,temperature
2004.02.12.10.32.39,0.05833,46.16
2004.02.12.10.42.39,0.059,45.99
2004.02.12.10.52.39,0.06024,47.32
2004.02.12.11.02.39,0.06145,48.0
2004.02.12.11.12.39,0.06136,46.09
2004.02.12.11.22.39,0.06167,46.85
2004.02.12.11.32.39,0.06194,47.75
2004.02.12.11.42.39,0.06123,46.45
2004.02.12.11.52.39,0.06228,48.18
2004.02.12.12.02.39,0.05989,46.36
2004.02.12.12.12.39,0.06237,46.04
2004.02.12.12.22.39,0.06084,47.97
2004.02.12.12.32.39,0.06109,48.49
2004.02.12.12.42.39,0.0626,48.89
2004.02.12.12.52.39,0.06234,46.3
2004.02.12.13.02.39,0.06163,47.65
2004.02.12.13.12.39,0.06188,47.0
2004.02.12.13.22.39,0.06124,46.96
2004.02.12.13.32.39,0.06147,48.36
2004.02.12.13.42.39,0.06184,46.38
2004.02.12.13.52.39,0.06221,46.3
2004.02.12.14.02.39,0.06262,47.87
2004.02.12.14.12.39,0.06251,46.59
2004.02.12.14.22.39,0.0626,48.67
2004.02.12.14.32.39,0.06245,48.88
2004.02.12.14.42.39,0.06133,47.9
2004.02.12.14.52.39,0.06145,47.64
2004.02.12.15.02.39,0.06129,47.44
2004.02.12.15.12.39,0.0619,47.2
2004.02.12.15.22.39,0.06189,47.56
2004.02.12.15.32.39,0.06173,46.44
2004.02.12.15.42.39,0.06321,46.29
2004.02.12.15.52.39,0.06069,46.31
2004.02.12.16.02.39,0.06227,47.69
2004.02.12.16.12.39,0.06153,48.74
2004.02.12.16.22.39,0.06151,45.9
2004.02.12.16.32.39,0.06063,47.09
2004.02.12.16.42.39,0.06269,48.48
2004.02.12.16.52.39,0.06122,46.57
2004.02.12.17.02.39,0.06141,46.58
2004.02.12.17.12.39,0.06158,45.97
2004.02.12.17.22.39,0.06192,47.22
2004.02.12.17.32.39,0.06115,47.7
2004.02.12.17.42.39,0.06146,47.4
2004.02.12.17.52.39,0.06138,46.52
2004.02.12.18.02.39,0.06012,47.03
2004.02.12.18.12.39,0.06227,48.84
2004.02.12.18.22.39,0.0608,47.73
2004.02.12.18.32.39,0.06178,46.07
2004.02.12.18.42.39,0.06063,46.29
2004.02.12.18.52.39,0.06151,48.54
2004.02.12.19.02.39,0.06163,46.71
2004.02.12.19.12.39,0.06239,47.51
2004.02.12.19.22.39,0.06058,48.61
2004.02.12.19.32.39,0.06035,45.75
2004.02.12.19.42.39,0.06146,45.84
2004.02.12.19.52.39,0.06092,46.25
2004.02.12.20.02.39,0.06096,46.43
2004.02.12.20.12.39,0.0602,45.83
2004.02.12.20.22.39,0.06161,48.14
2004.02.12.20.32.39,0.06209,48.57
2004.02.12.20.42.39,0.06078,47.47
2004.02.12.20.52.39,0.06226,47.46
2004.02.12.21.02.39,0.06065,46.89
2004.02.12.21.12.39,0.06084,46.45
2004.02.12.21.22.39,0.06068,47.79
2004.02.12.21.32.39,0.06081,48.42
2004.02.12.21.42.39,0.06051,46.48
2004.02.12.21.52.39,0.06051,47.96
2004.02.12.22.02.39,0.06075,48.61
2004.02.12.22.12.39,0.0594,46.07
2004.02.12.22.22.39,0.06053,46.71
2004.02.12.22.32.39,0.06077,45.9
2004.02.12.22.42.39,0.06174,48.78
2004.02.12.22.52.39,0.06189,47.88
2004.02.12.23.02.39,0.06124,46.73
2004.02.12.23.12.39,0.06041,46.14
2004.02.12.23.22.39,0.06159,48.53
2004.02.12.23.32.39,0.06002,47.79
2004.02.12.23.42.39,0.06084,45.76
2004.02.12.23.52.39,0.06049,45.79
2004.02.13.00.02.39,0.05913,45.73
2004.02.13.00.12.39,0.06068,48.43
2004.02.13.00.22.39,0.06073,45.76
2004.02.13.00.32.39,0.0611,46.53
2004.02.13.00.42.39,0.06075,46.26
2004.02.13.00.52.39,0.06091,47.94
2004.02.13.01.02.39,0.05888,48.19
2004.02.13.01.12.39,0.06084,46.76
2004.02.13.01.22.39,0.06119,46.51
2004.02.13.01.32.39,0.06206,47.51
2004.02.13.01.42.39,0.06006,47.3
2004.02.13.01.52.39,0.06058,46.3
2004.02.13.02.02.39,0.05936,48.23
2004.02.13.02.12.39,0.06148,46.82
2004.02.13.02.22.39,0.06068,48.04
2004.02.13.02.32.39,0.06147,46.66
2004.02.13.02.42.39,0.06037,47.24
2004.02.13.02.52.39,0.06107,48.38
2004.02.13.03.02.39,0.05984,46.22
2004.02.13.03.12.39,0.06109,48.0
2004.02.13.03.22.39,0.06035,46.1
2004.02.13.03.32.39,0.06018,45.54
2004.02.13.03.42.39,0.06026,46.93
2004.02.13.03.52.39,0.06068,47.72
2004.02.13.04.02.39,0.06119,47.25
2004.02.13.04.12.39,0.0604,47.05
2004.02.13.04.22.39,0.05983,47.45
2004.02.13.04.32.39,0.05987,47.15
2004.02.13.04.42.39,0.06104,47.47
2004.02.13.04.52.39,0.0601,48.01
2004.02.13.05.02.39,0.06014,48.25
2004.02.13.05.12.39,0.06129,46.85
2004.02.13.05.22.39,0.05983,48.43
2004.02.13.05.32.39,0.06035,47.36
2004.02.13.05.42.39,0.0595,48.15
2004.02.13.05.52.39,0.06227,46.04
2004.02.13.06.02.39,0.06069,48.62
2004.02.13.06.12.39,0.06115,46.38
2004.02.13.06.22.39,0.06068,45.69
2004.02.13.06.32.39,0.06059,46.73
2004.02.13.06.42.39,0.06125,46.81
2004.02.13.06.52.39,0.06141,46.2
2004.02.13.07.02.39,0.06221,46.54
2004.02.13.07.12.39,0.06034,47.06
2004.02.13.07.22.39,0.0606,46.97
2004.02.13.07.32.39,0.06021,45.73
2004.02.13.07.42.39,0.05998,45.95
2004.02.13.07.52.39,0.06021,48.31
2004.02.13.08.02.39,0.05926,46.85
2004.02.13.08.12.39,0.0601,47.91
2004.02.13.08.22.39,0.05988,45.48
2004.02.13.08.32.39,0.06005,46.77
2004.02.13.08.42.39,0.06055,48.02
2004.02.13.08.52.39,0.06101,46.18
2004.02.13.09.02.39,0.06149,47.51
2004.02.13.09.12.39,0.06133,47.11
2004.02.13.09.22.39,0.06015,48.42
2004.02.13.09.32.39,0.0612,46.54
2004.02.13.09.42.39,0.05939,47.52
2004.02.13.09.52.39,0.06044,46.84
2004.02.13.10.02.39,0.06098,48.42
2004.02.13.10.12.39,0.06027,45.94
2004.02.13.10.22.39,0.06064,46.02
2004.02.13.10.32.39,0.05984,46.9
2004.02.13.10.42.39,0.05976,47.77
2004.02.13.10.52.39,0.06006,48.46
2004.02.13.11.02.39,0.05967,46.56
2004.02.13.11.12.39,0.05992,45.9
2004.02.13.11.22.39,0.06045,46.59
2004.02.13.11.32.39,0.05907,47.04
2004.02.13.11.42.39,0.06199,46.37
2004.02.13.11.52.39,0.06045,46.1
2004.02.13.12.02.39,0.06025,47.33
2004.02.13.12.12.39,0.06039,47.63
2004.02.13.12.22.39,0.06108,46.92
2004.02.13.12.32.39,0.06137,47.83
2004.02.13.12.42.39,0.06201,46.31
2004.02.13.12.52.39,0.06047,47.8
2004.02.13.13.02.39,0.06098,46.36
2004.02.13.13.12.39,0.06028,47.37
2004.02.13.13.22.39,0.0619,47.34
2004.02.13.13.32.39,0.06045,47.72
2004.02.13.13.42.39,0.06086,46.67
2004.02.13.13.52.39,0.06001,47.46
2004.02.13.14.02.39,0.06126,46.54
2004.02.13.14.12.39,0.06061,48.46
2004.02.13.14.22.39,0.06108,47.58
2004.02.13.14.32.39,0.06134,47.85
2004.02.13.14.42.39,0.06114,46.86
2004.02.13.14.52.39,0.06046,48.4
2004.02.13.15.02.39,0.06176,47.67
2004.02.13.15.12.39,0.06003,46.73
2004.02.13.15.22.39,0.0596,48.3
2004.02.13.15.32.39,0.06047,46.31
2004.02.13.15.42.39,0.05973,46.83
2004.02.13.15.52.39,0.06159,48.72
2004.02.13.16.02.39,0.05964,48.33
2004.02.13.16.12.39,0.05942,47.61
2004.02.13.16.22.39,0.06049,47.28
2004.02.13.16.32.39,0.06023,48.45
2004.02.13.16.42.39,0.06019,47.01
2004.02.13.16.52.39,0.05949,46.05
2004.02.13.17.02.39,0.06154,45.82
2004.02.13.17.12.39,0.06007,48.35
2004.02.13.17.22.39,0.06141,46.05
2004.02.13.17.32.39,0.06033,46.56
2004.02.13.17.42.39,0.06182,46.75
2004.02.13.17.52.39,0.05926,46.48
2004.02.13.18.02.39,0.06058,48.19
2004.02.13.18.12.39,0.0596,46.23
2004.02.13.18.22.39,0.06156,48.55
2004.02.13.18.32.39,0.06117,47.53
2004.02.13.18.42.39,0.06098,48.0
2004.02.13.18.52.39,0.06146,47.62
2004.02.13.19.02.39,0.06009,48.34
2004.02.13.19.12.39,0.05994,48.12
2004.02.13.19.22.39,0.05924,47.64
2004.02.13.19.32.39,0.06038,48.18
2004.02.13.19.42.39,0.06047,45.98
2004.02.13.19.52.39,0.06217,47.46
2004.02.13.20.02.39,0.06053,46.65
2004.02.13.20.12.39,0.06018,46.09
2004.02.13.20.22.39,0.06094,45.72
2004.02.13.20.32.39,0.05973,47.53
2004.02.13.20.42.39,0.05966,47.72
2004.02.13.20.52.39,0.05974,46.43
2004.02.13.21.02.39,0.06089,46.91
2004.02.13.21.12.39,0.06045,48.21
2004.02.13.21.22.39,0.06067,48.59
2004.02.13.21.32.39,0.05993,46.67
2004.02.13.21.42.39,0.06167,48.14
2004.02.13.21.52.39,0.06085,46.44
2004.02.13.22.02.39,0.06081,45.77
2004.02.13.22.12.39,0.06198,47.16
2004.02.13.22.22.39,0.06103,47.68
2004.02.13.22.32.39,0.06055,47.56
2004.02.13.22.42.39,0.06129,45.87
2004.02.13.22.52.39,0.06118,46.65
2004.02.13.23.02.39,0.06174,46.71
2004.02.13.23.12.39,0.06118,46.89
2004.02.13.23.22.39,0.06083,47.95
2004.02.13.23.32.39,0.05983,46.96
2004.02.13.23.42.39,0.06107,46.39
2004.02.13.23.52.39,0.061,46.3
2004.02.14.00.02.39,0.06041,47.61
2004.02.14.00.12.39,0.05996,47.85
2004.02.14.00.22.39,0.06019,46.14
2004.02.14.00.32.39,0.06152,48.11
2004.02.14.00.42.39,0.06117,47.61
2004.02.14.00.52.39,0.06086,47.57
2004.02.14.01.02.39,0.06124,46.55
2004.02.14.01.12.39,0.06001,47.31
2004.02.14.01.22.39,0.0615,47.02
2004.02.14.01.32.39,0.06051,48.43
2004.02.14.01.42.39,0.06143,46.87
2004.02.14.01.52.39,0.06187,48.04
2004.02.14.02.02.39,0.06162,47.74
2004.02.14.02.12.39,0.06089,47.76
2004.02.14.02.22.39,0.06074,46.23
2004.02.14.02.32.39,0.06135,48.74
2004.02.14.02.42.39,0.06021,47.91
2004.02.14.02.52.39,0.06088,46.02
2004.02.14.03.02.39,0.05949,47.07
2004.02.14.03.12.39,0.06062,46.49
2004.02.14.03.22.39,0.06127,46.37
2004.02.14.03.32.39,0.05972,47.54
2004.02.14.03.42.39,0.06078,48.62
2004.02.14.03.52.39,0.06006,46.09
2004.02.14.04.02.39,0.06013,47.03
2004.02.14.04.12.39,0.05983,47.99
2004.02.14.04.22.39,0.05994,47.79
2004.02.14.04.32.39,0.06177,45.9
2004.02.14.04.42.39,0.06062,46.96
2004.02.14.04.52.39,0.06033,48.51
2004.02.14.05.02.39,0.06055,48.31
2004.02.14.05.12.39,0.06047,46.64
2004.02.14.05.22.39,0.0608,46.96
2004.02.14.05.32.39,0.0595,46.13
2004.02.14.05.42.39,0.06173,46.5
2004.02.14.05.52.39,0.06114,47.61
2004.02.14.06.02.39,0.06107,47.03
2004.02.14.06.12.39,0.06112,47.37
2004.02.14.06.22.39,0.05974,48.27
2004.02.14.06.32.39,0.05989,46.02
2004.02.14.06.42.39,0.06193,46.63
2004.02.14.06.52.39,0.0615,46.03
2004.02.14.07.02.39,0.06125,46.39
2004.02.14.07.12.39,0.06162,46.52
2004.02.14.07.22.39,0.05983,47.75
2004.02.14.07.32.39,0.06017,46.13
2004.02.14.07.42.39,0.06106,47.97
2004.02.14.07.52.39,0.06152,48.77
2004.02.14.08.02.39,0.06023,47.59
2004.02.14.08.12.39,0.0615,48.3
2004.02.14.08.22.39,0.06153,47.82
2004.02.14.08.32.39,0.06209,47.48
2004.02.14.08.42.39,0.06053,48.14
2004.02.14.08.52.39,0.06178,46.93
2004.02.14.09.02.39,0.06019,48.32
2004.02.14.09.12.39,0.06122,47.89
2004.02.14.09.22.39,0.06075,46.72
2004.02.14.09.32.39,0.06048,47.57
2004.02.14.09.42.39,0.06114,46.75
2004.02.14.09.52.39,0.06159,46.45
2004.02.14.10.02.39,0.05992,46.17
2004.02.14.10.12.39,0.06099,47.84
2004.02.14.10.22.39,0.05991,47.89
2004.02.14.10.32.39,0.0608,45.86
2004.02.14.10.42.39,0.06012,48.39
2004.02.14.10.52.39,0.06086,45.8
2004.02.14.11.02.39,0.06017,47.02
2004.02.14.11.12.39,0.06132,48.12
2004.02.14.11.22.39,0.06055,46.37
2004.02.14.11.32.39,0.0614,45.87
2004.02.14.11.42.39,0.06031,47.11
2004.02.14.11.52.39,0.06176,48.22
2004.02.14.12.02.39,0.06099,46.66
2004.02.14.12.12.39,0.06079,46.9
2004.02.14.12.22.39,0.06141,47.86
2004.02.14.12.32.39,0.06245,46.72
2004.02.14.12.42.39,0.05946,46.3
2004.02.14.12.52.39,0.06074,46.43
2004.02.14.13.02.39,0.05992,45.54
2004.02.14.13.12.39,0.06184,45.87
2004.02.14.13.22.39,0.06069,47.38
2004.02.14.13.32.39,0.06126,47.63
2004.02.14.13.42.39,0.06082,46.05
2004.02.14.13.52.39,0.06,48.08
2004.02.14.14.02.39,0.0611,46.71
2004.02.14.14.12.39,0.06158,46.75
2004.02.14.14.22.39,0.06203,48.1
2004.02.14.14.32.39,0.06158,46.02
2004.02.14.14.42.39,0.06045,48.19
2004.02.14.14.52.39,0.06139,47.51
2004.02.14.15.02.39,0.06082,47.59
2004.02.14.15.12.39,0.06181,48.48
2004.02.14.15.22.39,0.06015,46.58
2004.02.14.15.32.39,0.06074,47.76
2004.02.14.15.42.39,0.06031,48.32
2004.02.14.15.52.39,0.06146,47.96
2004.02.14.16.02.39,0.06159,45.95
2004.02.14.16.12.39,0.06013,47.12
2004.02.14.16.22.39,0.0614,48.05
2004.02.14.16.32.39,0.06145,47.38
2004.02.14.16.42.39,0.0603,47.03
2004.02.14.16.52.39,0.06169,46.35
2004.02.14.17.02.39,0.05989,48.26
2004.02.14.17.12.39,0.0614,47.44
2004.02.14.17.22.39,0.06159,46.04
2004.02.14.17.32.39,0.06106,46.17
2004.02.14.17.42.39,0.06035,47.4
2004.02.14.17.52.39,0.0592,47.94
2004.02.14.18.02.39,0.05946,46.28
2004.02.14.18.12.39,0.06033,47.22
2004.02.14.18.22.39,0.06131,48.3
2004.02.14.18.32.39,0.05926,46.47
2004.02.14.18.42.39,0.06238,47.22
2004.02.14.18.52.39,0.0614,46.69
2004.02.14.19.02.39,0.06193,46.03
2004.02.14.19.12.39,0.06097,47.61
2004.02.14.19.22.39,0.06082,46.63
2004.02.14.19.32.39,0.06048,47.43
2004.02.14.19.42.39,0.0609,47.43
2004.02.14.19.52.39,0.06032,45.63
2004.02.14.20.02.39,0.06147,47.97
2004.02.14.20.12.39,0.06038,47.84
2004.02.14.20.22.39,0.062,46.64
2004.02.14.20.32.39,0.06078,46.31
2004.02.14.20.42.39,0.06076,48.13
2004.02.14.20.52.39,0.05959,46.18
2004.02.14.21.02.39,0.06048,47.95
2004.02.14.21.12.39,0.06077,47.68
2004.02.14.21.22.39,0.06055,47.82
2004.02.14.21.32.39,0.06116,47.23
2004.02.14.21.42.39,0.06,46.53
2004.02.14.21.52.39,0.06182,47.48
2004.02.14.22.02.39,0.06158,48.43
2004.02.14.22.12.39,0.06013,46.0
2004.02.14.22.22.39,0.06093,47.51
2004.02.14.22.32.39,0.06043,47.93
2004.02.14.22.42.39,0.05945,47.64
2004.02.14.22.52.39,0.06061,47.75
2004.02.14.23.02.39,0.06134,46.86
2004.02.14.23.12.39,0.06122,47.65
2004.02.14.23.22.39,0.06043,46.99
2004.02.14.23.32.39,0.06096,46.27
2004.02.14.23.42.39,0.06101,48.31
2004.02.14.23.52.39,0.0606,46.88
2004.02.15.00.02.39,0.06161,48.5
2004.02.15.00.12.39,0.05974,47.22
2004.02.15.00.22.39,0.05927,45.55
2004.02.15.00.32.39,0.0598,46.31
2004.02.15.00.42.39,0.06127,46.92
2004.02.15.00.52.39,0.06143,45.84
2004.02.15.01.02.39,0.06003,47.58
2004.02.15.01.12.39,0.06138,48.42
2004.02.15.01.22.39,0.06081,47.58
2004.02.15.01.32.39,0.06047,47.0
2004.02.15.01.42.39,0.05994,48.26
2004.02.15.01.52.39,0.06178,47.33
2004.02.15.02.02.39,0.06114,47.58
2004.02.15.02.12.39,0.06112,45.73
2004.02.15.02.22.39,0.06076,46.38
2004.02.15.02.32.39,0.05935,45.88
2004.02.15.02.42.39,0.06046,45.85
2004.02.15.02.52.39,0.06012,45.97
2004.02.15.03.02.39,0.05987,45.49
2004.02.15.03.12.39,0.05921,46.69
2004.02.15.03.22.39,0.06147,46.68
2004.02.15.03.32.39,0.06162,46.61
2004.02.15.03.42.39,0.06125,48.58
2004.02.15.03.52.39,0.06141,46.95
2004.02.15.04.02.39,0.06225,46.35
2004.02.15.04.12.39,0.06187,45.99
2004.02.15.04.22.39,0.06089,48.19
2004.02.15.04.32.39,0.06063,47.49
2004.02.15.04.42.39,0.06167,48.5
2004.02.15.04.52.39,0.05881,46.32
2004.02.15.05.02.39,0.06098,46.29
2004.02.15.05.12.39,0.0609,47.31
2004.02.15.05.22.39,0.05943,47.48
2004.02.15.05.32.39,0.06045,46.62
2004.02.15.05.42.39,0.05829,45.43
2004.02.15.05.52.39,0.06083,48.3
2004.02.15.06.02.39,0.06046,48.13
2004.02.15.06.12.39,0.06036,47.36
2004.02.15.06.22.39,0.06002,45.94
2004.02.15.06.32.39,0.0603,48.21
2004.02.15.06.42.39,0.05998,46.96
2004.02.15.06.52.39,0.06074,47.38
2004.02.15.07.02.39,0.06075,47.26
2004.02.15.07.12.39,0.0601,46.37
2004.02.15.07.22.39,0.06008,47.22
2004.02.15.07.32.39,0.0607,47.02
2004.02.15.07.42.39,0.06073,46.94
2004.02.15.07.52.39,0.06063,47.36
2004.02.15.08.02.39,0.06134,47.12
2004.02.15.08.12.39,0.06062,46.08
2004.02.15.08.22.39,0.06036,48.49
2004.02.15.08.32.39,0.06016,48.05
2004.02.15.08.42.39,0.06154,47.27
2004.02.15.08.52.39,0.06079,47.58
2004.02.15.09.02.39,0.0606,45.77
2004.02.15.09.12.39,0.06027,46.08
2004.02.15.09.22.39,0.06125,45.91
2004.02.15.09.32.39,0.06066,47.98
2004.02.15.09.42.39,0.06051,46.71
2004.02.15.09.52.39,0.05988,48.11
2004.02.15.10.02.39,0.06068,47.18
2004.02.15.10.12.39,0.06126,46.47
2004.02.15.10.22.39,0.06124,46.84
2004.02.15.10.32.39,0.06096,46.91
2004.02.15.10.42.39,0.06031,47.21
2004.02.15.10.52.39,0.06129,48.26
2004.02.15.11.02.39,0.06165,47.68
2004.02.15.11.12.39,0.06057,47.63
2004.02.15.11.22.39,0.06018,46.96
2004.02.15.11.32.39,0.06156,45.96
2004.02.15.11.42.39,0.06179,47.64
2004.02.15.11.52.39,0.06082,46.89
2004.02.15.12.02.39,0.06125,48.72
2004.02.15.12.12.39,0.06054,46.45
2004.02.15.12.22.39,0.06053,46.62
2004.02.15.12.32.39,0.06092,47.11
2004.02.15.12.42.39,0.06179,47.77
2004.02.15.12.52.39,0.06165,47.94
2004.02.15.13.02.39,0.06167,48.44
2004.02.15.13.12.39,0.05993,46.69
2004.02.15.13.22.39,0.05995,47.82
2004.02.15.13.32.39,0.06059,46.73
2004.02.15.13.42.39,0.06208,47.17
2004.02.15.13.52.39,0.06075,47.57
2004.02.15.14.02.39,0.06205,47.23
2004.02.15.14.12.39,0.06213,47.21
2004.02.15.14.22.39,0.06188,47.77
2004.02.15.14.32.39,0.06117,47.91
2004.02.15.14.42.39,0.06083,46.11
2004.02.15.14.52.39,0.06281,47.1
2004.02.15.15.02.39,0.062,48.84
2004.02.15.15.12.39,0.06162,46.0
2004.02.15.15.22.39,0.06251,46.67
2004.02.15.15.32.39,0.06145,46.9
2004.02.15.15.42.39,0.06087,47.18
2004.02.15.15.52.39,0.06103,46.41
2004.02.15.16.02.39,0.06001,48.47
2004.02.15.16.12.39,0.06114,47.3
2004.02.15.16.22.39,0.0604,46.33
2004.02.15.16.32.39,0.06163,48.36
2004.02.15.16.42.39,0.05966,45.52
2004.02.15.16.52.39,0.06051,45.88
2004.02.15.17.02.39,0.06094,47.78
2004.02.15.17.12.39,0.06174,46.7
2004.02.15.17.22.39,0.05996,47.37
2004.02.15.17.32.39,0.06206,47.75
2004.02.15.17.42.39,0.06136,47.51
2004.02.15.17.52.39,0.06073,47.74
2004.02.15.18.02.39,0.06109,48.41
2004.02.15.18.12.39,0.06069,45.88
2004.02.15.18.22.39,0.06118,46.36
2004.02.15.18.32.39,0.05951,48.28
2004.02.15.18.42.39,0.06045,46.87
2004.02.15.18.52.39,0.06022,46.51
2004.02.15.19.02.39,0.05955,46.89
2004.02.15.19.12.39,0.0606,46.57
2004.02.15.19.22.39,0.0602,46.7
2004.02.15.19.32.39,0.06028,46.94
2004.02.15.19.42.39,0.05993,46.88
2004.02.15.19.52.39,0.0618,48.43
2004.02.15.20.02.39,0.05911,45.92
2004.02.15.20.12.39,0.0594,47.46
2004.02.15.20.22.39,0.06098,47.44
2004.02.15.20.32.39,0.06108,48.56
2004.02.15.20.42.39,0.06146,47.26
2004.02.15.20.52.39,0.06013,46.7
2004.02.15.21.02.39,0.06126,45.86
2004.02.15.21.12.39,0.06078,45.97
2004.02.15.21.22.39,0.06165,46.01
2004.02.15.21.32.39,0.06072,47.54
2004.02.15.21.42.39,0.06046,47.95
2004.02.15.21.52.39,0.05983,48.45
2004.02.15.22.02.39,0.06113,46.34
2004.02.15.22.12.39,0.06145,48.21
2004.02.15.22.22.39,0.0611,46.18
2004.02.15.22.32.39,0.06256,47.85
2004.02.15.22.42.39,0.06139,48.73
2004.02.15.22.52.39,0.06198,46.04
2004.02.15.23.02.39,0.06239,48.81
2004.02.15.23.12.39,0.06248,47.39
2004.02.15.23.22.39,0.06156,46.43
2004.02.15.23.32.39,0.06119,48.47
2004.02.15.23.42.39,0.06132,46.58
2004.02.15.23.52.39,0.06416,48.44
2004.02.16.00.02.39,0.06075,46.72
2004.02.16.00.12.39,0.06164,46.9
2004.02.16.00.22.39,0.06091,48.46
2004.02.16.00.32.39,0.06163,48.47
2004.02.16.00.42.39,0.06113,47.02
2004.02.16.00.52.39,0.05953,47.57
2004.02.16.01.02.39,0.06153,47.23
2004.02.16.01.12.39,0.06204,48.39
2004.02.16.01.22.39,0.06009,48.25
2004.02.16.01.32.39,0.06157,46.16
2004.02.16.01.42.39,0.0628,48.05
2004.02.16.01.52.39,0.06265,48.37
2004.02.16.02.02.39,0.06299,46.57
2004.02.16.02.12.39,0.06149,45.98
2004.02.16.02.22.39,0.06205,46.8
2004.02.16.02.32.39,0.0617,48.28
2004.02.16.02.42.39,0.06129,47.25
2004.02.16.02.52.39,0.0627,47.49
2004.02.16.03.02.39,0.06087,45.95
2004.02.16.03.12.39,0.06464,48.02
2004.02.16.03.22.39,0.06621,46.79
2004.02.16.03.32.39,0.06648,49.28
2004.02.16.03.42.39,0.06558,49.0
2004.02.16.03.52.39,0.06542,46.72
2004.02.16.04.02.39,0.06627,48.81
2004.02.16.04.12.39,0.06762,47.46
2004.02.16.04.22.39,0.06647,47.61
2004.02.16.04.32.39,0.06514,48.13
2004.02.16.04.42.39,0.06574,49.01
2004.02.16.04.52.39,0.06611,49.46
2004.02.16.05.02.39,0.06716,49.63
2004.02.16.05.12.39,0.06633,47.79
2004.02.16.05.22.39,0.06813,49.91
2004.02.16.05.32.39,0.06659,49.64
2004.02.16.05.42.39,0.0672,48.04
2004.02.16.05.52.39,0.06827,48.77
2004.02.16.06.02.39,0.06851,47.2
2004.02.16.06.12.39,0.06884,48.18
2004.02.16.06.22.39,0.06741,49.86
2004.02.16.06.32.39,0.06704,47.39
2004.02.16.06.42.39,0.06806,47.99
2004.02.16.06.52.39,0.06881,47.68
2004.02.16.07.02.39,0.0693,47.99
2004.02.16.07.12.39,0.06746,48.0
2004.02.16.07.22.39,0.07014,48.88
2004.02.16.07.32.39,0.06725,47.85
2004.02.16.07.42.39,0.06929,50.23
2004.02.16.07.52.39,0.06977,48.24
2004.02.16.08.02.39,0.06872,47.6
2004.02.16.08.12.39,0.06866,49.75
2004.02.16.08.22.39,0.06981,48.95
2004.02.16.08.32.39,0.0678,48.08
2004.02.16.08.42.39,0.06925,49.53
2004.02.16.08.52.39,0.06867,48.06
2004.02.16.09.02.39,0.06817,49.29
2004.02.16.09.12.39,0.06807,47.58
2004.02.16.09.22.39,0.06942,47.92
2004.02.16.09.32.39,0.06905,49.82
2004.02.16.09.42.39,0.0704,48.31
2004.02.16.09.52.39,0.06929,49.14
2004.02.16.10.02.39,0.06865,49.21
2004.02.16.10.12.39,0.07003,49.3
2004.02.16.10.22.39,0.06995,48.31
2004.02.16.10.32.39,0.06879,48.26
2004.02.16.10.42.39,0.06929,49.63
2004.02.16.10.52.39,0.07017,50.26
2004.02.16.11.02.39,0.07107,48.83
2004.02.16.11.12.39,0.07036,49.98
2004.02.16.11.22.39,0.07154,48.25
2004.02.16.11.32.39,0.07035,49.41
2004.02.16.11.42.39,0.07169,50.15
2004.02.16.11.52.39,0.06949,48.06
2004.02.16.12.02.39,0.07039,50.51
2004.02.16.12.12.39,0.07124,49.74
2004.02.16.12.22.39,0.07176,48.26
2004.02.16.12.32.39,0.0702,50.19
2004.02.16.12.42.39,0.07143,49.07
2004.02.16.12.52.39,0.0709,48.69
2004.02.16.13.02.39,0.07018,50.09
2004.02.16.13.12.39,0.07028,49.38
2004.02.16.13.22.39,0.0715,48.09
2004.02.16.13.32.39,0.07206,48.44
2004.02.16.13.42.39,0.07061,49.23
2004.02.16.13.52.39,0.07165,49.87
2004.02.16.14.02.39,0.07124,49.69
2004.02.16.14.12.39,0.07097,49.95
2004.02.16.14.22.39,0.07117,50.22
2004.02.16.14.32.39,0.07122,49.33
2004.02.16.14.42.39,0.073,48.26
2004.02.16.14.52.39,0.07208,49.68
2004.02.16.15.02.39,0.07155,50.46
2004.02.16.15.12.39,0.07148,48.0
2004.02.16.15.22.39,0.07319,49.86
2004.02.16.15.32.39,0.07248,48.49
2004.02.16.15.42.39,0.07283,50.46
2004.02.16.15.52.39,0.0738,49.05
2004.02.16.16.02.39,0.07424,51.12
2004.02.16.16.12.39,0.07492,51.22
2004.02.16.16.22.39,0.07381,49.87
2004.02.16.16.32.39,0.07385,49.73
2004.02.16.16.42.39,0.07453,49.29
2004.02.16.16.52.39,0.0752,49.95
2004.02.16.17.02.39,0.0751,49.2
2004.02.16.17.12.39,0.07355,50.37
2004.02.16.17.22.39,0.0741,50.29
2004.02.16.17.32.39,0.07414,48.55
2004.02.16.17.42.39,0.07373,48.93
2004.02.16.17.52.39,0.07226,48.73
2004.02.16.18.02.39,0.07661,51.11
2004.02.16.18.12.39,0.07393,49.98
2004.02.16.18.22.39,0.07422,50.32
2004.02.16.18.32.39,0.07532,49.53
2004.02.16.18.42.39,0.07502,48.74
2004.02.16.18.52.39,0.07484,51.37
2004.02.16.19.02.39,0.07483,50.28
2004.02.16.19.12.39,0.07459,48.95
2004.02.16.19.22.39,0.07451,50.38
2004.02.16.19.32.39,0.07259,50.8
2004.02.16.19.42.39,0.07594,50.85
2004.02.16.19.52.39,0.07557,50.57
2004.02.16.20.02.39,0.07305,50.46
2004.02.16.20.12.39,0.0749,48.56
2004.02.16.20.22.39,0.07407,49.44
2004.02.16.20.32.39,0.07597,50.85
2004.02.16.20.42.39,0.0758,49.04
2004.02.16.20.52.39,0.07345,50.23
2004.02.16.21.02.39,0.07586,50.72
2004.02.16.21.12.39,0.07657,49.28
2004.02.16.21.22.39,0.07685,51.44
2004.02.16.21.32.39,0.07642,50.09
2004.02.16.21.42.39,0.07578,50.48
2004.02.16.21.52.39,0.07569,49.62
2004.02.16.22.02.39,0.0753,50.27
2004.02.16.22.12.39,0.07631,49.49
2004.02.16.22.22.39,0.07894,50.73
2004.02.16.22.32.39,0.08147,51.8
2004.02.16.22.42.39,0.08039,50.61
2004.02.16.22.52.39,0.08096,50.4
2004.02.16.23.02.39,0.0814,51.36
2004.02.16.23.12.39,0.07997,52.46
2004.02.16.23.22.39,0.08077,50.99
2004.02.16.23.32.39,0.08167,52.61
2004.02.16.23.42.39,0.07849,51.33
2004.02.16.23.52.39,0.08167,50.62
2004.02.17.00.02.39,0.08147,50.18
2004.02.17.00.12.39,0.08011,52.03
2004.02.17.00.22.39,0.08079,49.73
2004.02.17.00.32.39,0.08013,50.6
2004.02.17.00.42.39,0.0818,51.42
2004.02.17.00.52.39,0.08194,52.44
2004.02.17.01.02.39,0.08062,51.4
2004.02.17.01.12.39,0.0798,50.67
2004.02.17.01.22.39,0.08145,51.13
2004.02.17.01.32.39,0.08173,52.49
2004.02.17.01.42.39,0.08072,51.55
2004.02.17.01.52.39,0.07943,49.9
2004.02.17.02.02.39,0.08214,50.3
2004.02.17.02.12.39,0.08146,51.63
2004.02.17.02.22.39,0.08076,50.1
2004.02.17.02.32.39,0.07921,49.82
2004.02.17.02.42.39,0.07834,50.01
2004.02.17.02.52.39,0.0804,49.82
2004.02.17.03.02.39,0.07891,49.84
2004.02.17.03.12.39,0.08019,50.94
2004.02.17.03.22.39,0.08104,52.04
2004.02.17.03.32.39,0.08096,52.22
2004.02.17.03.42.39,0.07913,49.4
2004.02.17.03.52.39,0.08005,52.02
2004.02.17.04.02.39,0.08032,51.05
2004.02.17.04.12.39,0.08035,50.97
2004.02.17.04.22.39,0.08012,50.0
2004.02.17.04.32.39,0.08085,50.51
2004.02.17.04.42.39,0.08183,50.81
2004.02.17.04.52.39,0.08148,52.61
2004.02.17.05.02.39,0.08064,50.25
2004.02.17.05.12.39,0.08053,51.17
2004.02.17.05.22.39,0.08094,51.5
2004.02.17.05.32.39,0.08057,52.1
2004.02.17.05.42.39,0.08155,52.64
2004.02.17.05.52.39,0.08189,50.65
2004.02.17.06.02.39,0.08233,51.22
2004.02.17.06.12.39,0.08108,50.03
2004.02.17.06.22.39,0.08071,52.48
2004.02.17.06.32.39,0.08156,51.91
2004.02.17.06.42.39,0.08279,50.24
2004.02.17.06.52.39,0.08143,51.42
2004.02.17.07.02.39,0.08378,52.6
2004.02.17.07.12.39,0.08571,51.95
2004.02.17.07.22.39,0.09,53.98
2004.02.17.07.32.39,0.11648,59.58
2004.02.17.07.42.39,0.11979,59.59
2004.02.17.07.52.39,0.1203,59.98
2004.02.17.08.02.39,0.11844,59.11
2004.02.17.08.12.39,0.11737,58.81
2004.02.17.08.22.39,0.12105,59.65
2004.02.17.08.32.39,0.11735,58.41
2004.02.17.08.42.39,0.11516,58.78
2004.02.17.08.52.39,0.12101,60.64
2004.02.17.09.02.39,0.11763,58.36
2004.02.17.09.12.39,0.11799,57.12
2004.02.17.09.22.39,0.11826,57.46
2004.02.17.09.32.39,0.11888,57.55
2004.02.17.09.42.39,0.11847,59.45
2004.02.17.09.52.39,0.11374,58.89
2004.02.17.10.02.39,0.11534,57.48
2004.02.17.10.12.39,0.11541,57.44
2004.02.17.10.22.39,0.11773,57.1
2004.02.17.10.32.39,0.11437,57.28
2004.02.17.10.42.39,0.11579,59.58
2004.02.17.10.52.39,0.11391,57.31
2004.02.17.11.02.39,0.11489,59.19
2004.02.17.11.12.39,0.1136,57.79
2004.02.17.11.22.39,0.11794,57.84
2004.02.17.11.32.39,0.11731,58.8
2004.02.17.11.42.39,0.11517,57.71
2004.02.17.11.52.39,0.11509,58.03
2004.02.17.12.02.39,0.1164,57.1
2004.02.17.12.12.39,0.11623,57.27
2004.02.17.12.22.39,0.10966,56.04
2004.02.17.12.32.39,0.1139,58.9
2004.02.17.12.42.39,0.11044,57.13
2004.02.17.12.52.39,0.11118,56.94
2004.02.17.13.02.39,0.10978,56.3
2004.02.17.13.12.39,0.11009,56.99
2004.02.17.13.22.39,0.1105,56.9
2004.02.17.13.32.39,0.10378,55.21
2004.02.17.13.42.39,0.10159,56.72
2004.02.17.13.52.39,0.1066,57.72
2004.02.17.14.02.39,0.1043,56.67
2004.02.17.14.12.39,0.10416,55.77
2004.02.17.14.22.39,0.10006,55.95
2004.02.17.14.32.39,0.10148,56.21
2004.02.17.14.42.39,0.10119,54.99
2004.02.17.14.52.39,0.10338,56.24
2004.02.17.15.02.39,0.10047,56.1
2004.02.17.15.12.39,0.102,54.7
2004.02.17.15.22.39,0.09623,53.0
2004.02.17.15.32.39,0.10207,54.57
2004.02.17.15.42.39,0.1009,56.32
2004.02.17.15.52.39,0.09795,53.87
2004.02.17.16.02.39,0.09916,53.76
2004.02.17.16.12.39,0.09811,53.41
2004.02.17.16.22.39,0.09635,53.08
2004.02.17.16.32.39,0.09458,53.91
2004.02.17.16.42.39,0.09275,53.65
2004.02.17.16.52.39,0.09295,52.55
2004.02.17.17.02.39,0.09175,54.22
2004.02.17.17.12.39,0.09141,54.27
2004.02.17.17.22.39,0.08996,52.88
2004.02.17.17.32.39,0.08809,52.67
2004.02.17.17.42.39,0.08808,53.09
2004.02.17.17.52.39,0.0851,52.43
2004.02.17.18.02.39,0.0849,51.76
2004.02.17.18.12.39,0.08434,52.32
2004.02.17.18.22.39,0.08426,52.02
2004.02.17.18.32.39,0.08374,51.38
2004.02.17.18.42.39,0.08394,52.41
2004.02.17.18.52.39,0.08375,52.29
2004.02.17.19.02.39,0.0816,52.17
2004.02.17.19.12.39,0.08211,52.91
2004.02.17.19.22.39,0.08246,52.35
2004.02.17.19.32.39,0.08077,51.02
2004.02.17.19.42.39,0.08004,51.97
2004.02.17.19.52.39,0.08164,51.43
2004.02.17.20.02.39,0.08117,51.09
2004.02.17.20.12.39,0.07994,50.37
2004.02.17.20.22.39,0.0795,49.58
2004.02.17.20.32.39,0.07919,51.96
2004.02.17.20.42.39,0.07678,49.74
2004.02.17.20.52.39,0.07917,51.81
2004.02.17.21.02.39,0.07824,49.34
2004.02.17.21.12.39,0.07804,50.89
2004.02.17.21.22.39,0.07698,50.32
2004.02.17.21.32.39,0.07929,49.88
2004.02.17.21.42.39,0.07752,49.66
2004.02.17.21.52.39,0.07971,51.99
2004.02.17.22.02.39,0.07792,51.73
2004.02.17.22.12.39,0.07741,50.7
2004.02.17.22.22.39,0.07884,50.67
2004.02.17.22.32.39,0.07949,49.55
2004.02.17.22.42.39,0.07956,52.16
2004.02.17.22.52.39,0.08071,51.59
2004.02.17.23.02.39,0.08081,51.5
2004.02.17.23.12.39,0.08019,51.92
2004.02.17.23.22.39,0.08107,49.71
2004.02.17.23.32.39,0.07881,49.89
2004.02.17.23.42.39,0.08147,51.19
2004.02.17.23.52.39,0.08141,50.59
2004.02.18.00.02.39,0.08114,52.59
2004.02.18.00.12.39,0.0816,51.02
2004.02.18.00.22.39,0.081,52.62
2004.02.18.00.32.39,0.08334,50.5
2004.02.18.00.42.39,0.08225,51.9
2004.02.18.00.52.39,0.08297,52.61
2004.02.18.01.02.39,0.08415,52.82
2004.02.18.01.12.39,0.08431,52.64
2004.02.18.01.22.39,0.08319,51.12
2004.02.18.01.32.39,0.08434,53.18
2004.02.18.01.42.39,0.08413,50.98
2004.02.18.01.52.39,0.08273,51.96
2004.02.18.02.02.39,0.0833,50.67
2004.02.18.02.12.39,0.08389,50.94
2004.02.18.02.22.39,0.08458,50.5
2004.02.18.02.32.39,0.08438,51.56
2004.02.18.02.42.39,0.08447,51.53
2004.02.18.02.52.39,0.08491,52.68
2004.02.18.03.02.39,0.08581,50.85
2004.02.18.03.12.39,0.08653,51.93
2004.02.18.03.22.39,0.08473,50.52
2004.02.18.03.32.39,0.08603,50.77
2004.02.18.03.42.39,0.10158,56.03
2004.02.18.03.52.39,0.10179,55.17
2004.02.18.04.02.39,0.10005,56.09
2004.02.18.04.12.39,0.10488,55.7
2004.02.18.04.22.39,0.102,55.66
2004.02.18.04.32.39,0.10476,56.56
2004.02.18.04.42.39,0.10702,56.42
2004.02.18.04.52.39,0.10452,56.58
2004.02.18.05.02.39,0.10831,56.3
2004.02.18.05.12.39,0.10716,57.76
2004.02.18.05.22.39,0.10998,55.63
2004.02.18.05.32.39,0.10995,55.51
2004.02.18.05.42.39,0.11442,57.32
2004.02.18.05.52.39,0.11166,57.81
2004.02.18.06.02.39,0.11485,57.48
2004.02.18.06.12.39,0.11694,58.48
2004.02.18.06.22.39,0.11676,57.71
2004.02.18.06.32.39,0.1163,57.55
2004.02.18.06.42.39,0.11679,58.09
2004.02.18.06.52.39,0.11827,57.43
2004.02.18.07.02.39,0.1179,58.6
2004.02.18.07.12.39,0.11856,59.71
2004.02.18.07.22.39,0.119,57.4
2004.02.18.07.32.39,0.11833,57.51
2004.02.18.07.42.39,0.11681,56.87
2004.02.18.07.52.39,0.12197,60.86
2004.02.18.08.02.39,0.124,59.93
2004.02.18.08.12.39,0.12353,60.09
2004.02.18.08.22.39,0.12381,59.18
2004.02.18.08.32.39,0.12062,57.81
2004.02.18.08.42.39,0.11739,59.83
2004.02.18.08.52.39,0.11565,59.22
2004.02.18.09.02.39,0.11736,58.28
2004.02.18.09.12.39,0.11813,58.5
2004.02.18.09.22.39,0.12217,58.74
2004.02.18.09.32.39,0.1173,57.54
2004.02.18.09.42.39,0.11561,58.66
2004.02.18.09.52.39,0.11779,60.05
2004.02.18.10.02.39,0.11536,57.07
2004.02.18.10.12.39,0.12013,59.15
2004.02.18.10.22.39,0.11887,59.52
2004.02.18.10.32.39,0.11673,58.84
2004.02.18.10.42.39,0.1163,57.11
2004.02.18.10.52.39,0.11142,57.1
2004.02.18.11.02.39,0.11011,56.31
2004.02.18.11.12.39,0.1092,56.06
2004.02.18.11.22.39,0.10898,58.13
2004.02.18.11.32.39,0.10961,56.58
2004.02.18.11.42.39,0.10869,55.97
2004.02.18.11.52.39,0.11876,60.17
2004.02.18.12.02.39,0.12194,60.06
2004.02.18.12.12.39,0.11609,56.95
2004.02.18.12.22.39,0.11481,57.29
2004.02.18.12.32.39,0.11596,59.11
2004.02.18.12.42.39,0.11243,58.03
2004.02.18.12.52.39,0.10986,57.56
2004.02.18.13.02.39,0.11151,56.64
2004.02.18.13.12.39,0.11318,58.69
2004.02.18.13.22.39,0.11035,55.62
2004.02.18.13.32.39,0.10867,57.19
2004.02.18.13.42.39,0.11059,56.17
2004.02.18.13.52.39,0.11285,59.0
2004.02.18.14.02.39,0.1133,58.22
2004.02.18.14.12.39,0.1124,58.34
2004.02.18.14.22.39,0.11149,57.17
2004.02.18.14.32.39,0.1125,57.41
2004.02.18.14.42.39,0.11693,57.18
2004.02.18.14.52.39,0.11234,58.67
2004.02.18.15.02.39,0.10556,54.9
2004.02.18.15.12.39,0.10125,56.02
2004.02.18.15.22.39,0.09899,54.32
2004.02.18.15.32.39,0.09556,55.54
2004.02.18.15.42.39,0.09482,55.43
2004.02.18.15.52.39,0.09398,52.31
2004.02.18.16.02.39,0.09209,52.78
2004.02.18.16.12.39,0.09362,54.52
2004.02.18.16.22.39,0.09314,52.61
2004.02.18.16.32.39,0.0934,53.17
2004.02.18.16.42.39,0.09741,53.01
2004.02.18.16.52.39,0.09935,55.37
2004.02.18.17.02.39,0.10904,56.0
2004.02.18.17.12.39,0.11512,57.34
2004.02.18.17.22.39,0.1225,59.26
2004.02.18.17.32.39,0.12976,60.5
2004.02.18.17.42.39,0.13361,61.8
2004.02.18.17.52.39,0.1343,61.57
2004.02.18.18.02.39,0.13459,63.11
2004.02.18.18.12.39,0.12973,62.07
2004.02.18.18.22.39,0.1241,58.82
2004.02.18.18.32.39,0.12942,59.61
2004.02.18.18.42.39,0.13104,61.27
2004.02.18.18.52.39,0.13032,60.54
2004.02.18.19.02.39,0.14065,63.55
2004.02.18.19.12.39,0.13239,60.89
2004.02.18.19.22.39,0.12704,61.5
2004.02.18.19.32.39,0.13002,61.82
2004.02.18.19.42.39,0.12517,58.69
2004.02.18.19.52.39,0.12989,59.96
2004.02.18.20.02.39,0.12623,59.31
2004.02.18.20.12.39,0.13544,62.28
2004.02.18.20.22.39,0.13355,61.84
2004.02.18.20.32.39,0.12994,61.83
2004.02.18.20.42.39,0.12925,61.36
2004.02.18.20.52.39,0.12224,59.83
2004.02.18.21.02.39,0.11612,58.13
2004.02.18.21.12.39,0.12288,58.1
2004.02.18.21.22.39,0.13251,62.94
2004.02.18.21.32.39,0.13018,60.13
2004.02.18.21.42.39,0.13848,61.2
2004.02.18.21.52.39,0.14577,65.64
2004.02.18.22.02.39,0.15188,66.25
2004.02.18.22.12.39,0.16506,66.84
2004.02.18.22.22.39,0.18908,71.42
2004.02.18.22.32.39,0.14993,64.78
2004.02.18.22.42.39,0.14828,65.56
2004.02.18.22.52.39,0.14838,64.13
2004.02.18.23.02.39,0.12903,60.06
2004.02.18.23.12.39,0.12588,59.45
2004.02.18.23.22.39,0.13193,62.57
2004.02.18.23.32.39,0.12967,61.32
2004.02.18.23.42.39,0.15189,64.32
2004.02.18.23.52.39,0.14586,63.25
2004.02.19.00.02.39,0.16089,67.48
2004.02.19.00.12.39,0.14289,63.7
2004.02.19.00.22.39,0.12945,61.73
2004.02.19.00.32.39,0.12358,58.75
2004.02.19.00.42.39,0.12454,59.63
2004.02.19.00.52.39,0.13982,64.4
2004.02.19.01.02.39,0.16089,67.47
2004.02.19.01.12.39,0.17741,69.36
2004.02.19.01.22.39,0.15333,65.67
2004.02.19.01.32.39,0.17944,71.42
2004.02.19.01.42.39,0.15562,66.82
2004.02.19.01.52.39,0.17179,69.82
2004.02.19.02.02.39,0.16295,67.45
2004.02.19.02.12.39,0.19725,74.21
2004.02.19.02.22.39,0.15504,65.79
2004.02.19.02.32.39,0.17243,69.25
2004.02.19.02.42.39,0.20412,76.23
2004.02.19.02.52.39,0.18302,72.05
2004.02.19.03.02.39,0.18232,70.14
2004.02.19.03.12.39,0.19476,72.59
2004.02.19.03.22.39,0.23014,81.67
2004.02.19.03.32.39,0.22803,79.11
2004.02.19.03.42.39,0.28039,92.02
2004.02.19.03.52.39,0.25395,85.14
2004.02.19.04.02.39,0.25513,86.22
2004.02.19.04.12.39,0.26933,88.16
2004.02.19.04.22.39,0.29422,92.38
2004.02.19.04.32.39,0.29985,96.36
2004.02.19.04.42.39,0.24855,84.99
2004.02.19.04.52.39,0.32918,101.67
2004.02.19.05.02.39,0.41671,119.01
2004.02.19.05.12.39,0.35194,104.23
2004.02.19.05.22.39,0.33825,102.26
2004.02.19.05.32.39,0.30137,96.07
2004.02.19.05.42.39,0.45332,126.84
2004.02.19.05.52.39,0.33757,102.27
2004.02.19.06.02.39,0.35109,106.4
2004.02.19.06.12.39,0.00186,34.12
2004.02.19.06.22.39,0.00117,35.18
